{"cameraMode":{"drawMode":0,"name":"Shaded","section":"Shading Mode"},"sceneLighting":false,"audioPlay":false,"sceneViewState":{"m_AlwaysRefresh":false,"showFog":true,"showSkybox":false,"showFlares":true,"showImageEffects":true,"showParticleSystems":true,"showVisualEffectGraphs":true,"m_FxEnabled":true},"in2DMode":false,"pivot":{"x":-3.910236358642578,"y":1.0395755767822266,"z":2.1664352416992189},"rotation":{"x":0.025481052696704866,"y":0.680619478225708,"z":-0.023705825209617616,"w":0.7318704724311829},"size":52.603702545166019,"orthographic":false}