{"cameraMode":{"drawMode":0,"name":"Shaded","section":"Shading Mode"},"sceneLighting":false,"audioPlay":false,"sceneViewState":{"m_AlwaysRefresh":false,"showFog":true,"showSkybox":false,"showFlares":true,"showImageEffects":true,"showParticleSystems":true,"showVisualEffectGraphs":true,"m_FxEnabled":true},"in2DMode":false,"pivot":{"x":13.932621955871582,"y":-1.5126934051513672,"z":18.820148468017579},"rotation":{"x":-0.05908958241343498,"y":-0.29080939292907717,"z":0.01802712492644787,"w":-0.9549202919006348},"size":13.114509582519532,"orthographic":false}