{"cameraMode":{"drawMode":0,"name":"Shaded","section":"Shading Mode"},"sceneLighting":false,"audioPlay":false,"sceneViewState":{"m_AlwaysRefresh":false,"showFog":true,"showSkybox":false,"showFlares":true,"showImageEffects":true,"showParticleSystems":true,"showVisualEffectGraphs":true,"m_FxEnabled":true},"in2DMode":false,"pivot":{"x":-12.520845413208008,"y":-1.982290267944336,"z":16.72442054748535},"rotation":{"x":-0.056649819016456607,"y":0.34174221754074099,"z":-0.020605355501174928,"w":-0.9379963278770447},"size":12.600751876831055,"orthographic":false}